review_text,sentiment
This product is absolutely amazing! I love it so much. Best purchase ever made.,positive
Outstanding quality! Exceeded my expectations. Highly recommended to everyone.,positive
Great value for money. Excellent customer service. Very satisfied with my purchase.,positive
Perfect! Exactly as described. Fast shipping and excellent condition.,positive
Wonderful experience! Fast delivery and excellent product quality.,positive
Stunning design and works like a charm. Very pleased.,positive
Incredible purchase! Best value for money I found.,positive
Amazing quality and fantastic customer support provided.,positive
Impressed with both product and service. Great choice!,positive
Delighted with my purchase. High quality product.,positive
Excellent craftsmanship and attention to detail throughout.,positive
Superior quality product. Highly professional service received.,positive
Love it! Works perfectly and worth every penny.,positive
Brilliant product! Cannot recommend enough.,positive
Perfect! Arrived quickly and looks amazing.,positive
Outstanding! Best money spent recently.,positive
Delighted with my purchase. High quality product.,positive
Perfect purchase! Highly rated.,positive
Incredible product! Love it.,positive
Great buy! Very satisfied.,positive
Love this product! Highly rated.,positive
Excellent! Worth every penny.,positive
Superb quality and design.,positive
Perfect! Exactly as described.,positive
Amazing product! Highly recommend.,positive
Best purchase of the year!,positive
Fantastic! Very pleased.,positive
Outstanding value for money.,positive
Wonderful! Truly satisfied.,positive
Excellent! Highly impressed.,positive
Perfect purchase! Highly rated.,positive
Incredible product! Love it.,positive
Great! Very happy with it.,positive
Love it! Works perfectly.,positive
Fantastic! Love it so much.,positive
Outstanding! Best in class product.,positive
Great! Very happy with it.,positive
Love it! Works perfectly.,positive
Fantastic! Love it so much.,positive
Outstanding! Best in class product.,positive
Great! Very happy with it.,positive
Love it! Works perfectly.,positive
Fantastic! Love it so much.,positive
Outstanding! Best in class product.,positive
Great! Very happy with it.,positive
Love it! Works perfectly.,positive
Fantastic! Love it so much.,positive
Outstanding! Best in class product.,positive
Great! Very happy with it.,positive
Love it! Works perfectly.,positive
Fantastic! Love it so much.,positive
Outstanding! Best in class product.,positive
Great! Very happy with it.,positive
Love it! Works perfectly.,positive
Fantastic! Love it so much.,positive
Outstanding! Best in class product.,positive
Terrible quality. Broke after one week. Waste of money. Do not recommend.,negative
Product arrived damaged and customer support was unhelpful. Very disappointed.,negative
Poor packaging and the product arrived with defects. Unacceptable service.,negative
Not worth the price. Overpriced for the quality offered. Disappointed.,negative
Ordered wrong item and returns process was a nightmare.,negative
Substandard product. Multiple parts were broken on arrival.,negative
Massive disappointment. Does not work as advertised at all.,negative
Brought a lemon. Stopped working within days of purchase.,negative
Poor quality materials. Did not meet expectations whatsoever.,negative
Cheap materials and poor construction. Regret buying this product.,negative
Started deteriorating after a few months. Really poor durability.,negative
Poor quality materials. Did not meet expectations whatsoever.,negative
Cheap materials and poor construction. Regret buying this product.,negative
Started deteriorating after a few months. Really poor durability.,negative
Poor quality materials. Did not meet expectations whatsoever.,negative
Cheap materials and poor construction. Regret buying this product.,negative
Started deteriorating after a few months. Really poor durability.,negative
Poor quality materials. Did not meet expectations whatsoever.,negative
Cheap materials and poor construction. Regret buying this product.,negative
Started deteriorating after a few months. Really poor durability.,negative
Poor quality materials. Did not meet expectations whatsoever.,negative
Cheap materials and poor construction. Regret buying this product.,negative
Started deteriorating after a few months. Really poor durability.,negative
Poor quality materials. Did not meet expectations whatsoever.,negative
Cheap materials and poor construction. Regret buying this product.,negative
Started deteriorating after a few months. Really poor durability.,negative
Poor quality materials. Did not meet expectations whatsoever.,negative
Cheap materials and poor construction. Regret buying this product.,negative
Started deteriorating after a few months. Really poor durability.,negative
Poor quality materials. Did not meet expectations whatsoever.,negative
Cheap materials and poor construction. Regret buying this product.,negative
Started deteriorating after a few months. Really poor durability.,negative
Poor quality materials. Did not meet expectations whatsoever.,negative
Cheap materials and poor construction. Regret buying this product.,negative
Started deteriorating after a few months. Really poor durability.,negative
Poor quality materials. Did not meet expectations whatsoever.,negative
Cheap materials and poor construction. Regret buying this product.,negative
Started deteriorating after a few months. Really poor durability.,negative
Poor quality materials. Did not meet expectations whatsoever.,negative
Cheap materials and poor construction. Regret buying this product.,negative
Started deteriorating after a few months. Really poor durability.,negative
Poor quality materials. Did not meet expectations whatsoever.,negative
Cheap materials and poor construction. Regret buying this product.,negative
Started deteriorating after a few months. Really poor durability.,negative