review_text,processed_text,sentiment
Amazing product! Works perfectly and arrived on time. Highly recommend!,amazing product work perfectly arrived time highly recommend,1
Terrible quality. Broke after one week. Complete waste of money.,terrible quality broke one week complete waste money,0
Good value for money. Not perfect but does the job well.,good value money perfect job well,1
Excellent customer service! Product exceeded my expectations.,excellent customer service product exceeded expectation,1
Disappointed with the quality. Paint started peeling off immediately.,disappointed quality paint started peeling immediately,0
Best purchase ever! Will buy again and recommend to friends.,best purchase ever buy recommend friend,1
Average product. Nothing special but works as described.,average product nothing special work described,0
Horrible experience. The seller was very rude and unhelpful.,horrible experience seller rude unhelpful,0
Love it! Perfect design and very durable. Great value!,love perfect design durable great value,1
Not worth the price. Found better alternatives elsewhere.,worth price found better alternative elsewhere,0
Outstanding product! Exactly what I was looking for.,outstanding product exactly looking,1
Completely useless. Doesn't work as advertised. Demanding refund.,completely useless doesnt work advertised demanding refund,0
Really good! Better than expected. Five stars!,really good better expected five star,1
Waste of money. Quality is very poor and disappointing.,waste money quality poor disappointing,0
Fantastic! Nobody builds them like this anymore. Highly satisfied!,fantastic nobody build like anymore highly satisfied,1
Bad experience. Product damaged upon arrival. Poor packaging.,bad experience product damaged upon arrival poor packaging,0
Impressive quality and excellent durability. Highly recommended!,impressive quality excellent durability highly recommended,1
Terrible. Stopped working after few days. Total disappointment.,terrible stopped working day total disappointment,0
Very satisfied with this purchase. Worth every penny!,satisfied purchase worth every penny,1
Poor quality. The material feels cheap and fragile.,poor quality material feel cheap fragile,0
Excellent! Exceeded all my expectations. Perfect purchase!,excellent exceeded expectation perfect purchase,1
Awful product. Regret buying this. Not recommended at all.,awful product regret buying recommended,0
Great item! All features working perfectly as advertised.,great item feature working perfectly advertised,1
Disappointing. Defective product received. Bad customer service.,disappointing defective product received bad customer service,0
Perfect! Exactly as described. Very happy with my purchase!,perfect exactly described happy purchase,1
Not good. Quality is substandard and doesn't justify the price.,good quality substandard doesnt justify price,1
Wonderful product! Fast delivery and excellent packaging!,wonderful product fast delivery excellent packaging,1
Rubbish quality. Broke within days. Money wasted.,rubbish quality broke within day money wasted,0
Superb! Best investment I made this year. Highly impressive!,superb best investment made year highly impressive,1
Mediocre. Does the job but nothing exceptional or outstanding.,mediocre job nothing exceptional outstanding,1
Outstanding service and amazing product quality. Very impressed!,outstanding service amazing product quality impressed,1
Completely broken. Doesn't work at all. Total disaster.,completely broken doesnt work total disaster,0
Beautiful and functional. Exactly what I needed. Very happy!,beautiful functional exactly needed happy,0
Poor product. Many defects and doesn't meet expectations.,poor product many defect doesnt meet expectation,0
Excellent purchase! Highly reliable and well-made. Recommend!,excellent purchase highly reliable wellmade recommend,1
Terrible quality. Fell apart easily. Very disappointed.,terrible quality fell apart easily disappointed,0
Best product ever! Outstanding quality and great service!,best product ever outstanding quality great service,1
Bad experience. Very unhappy with this product. Won't buy again.,bad experience unhappy product wont buy,0
Amazing! Brilliant product. Exceeded expectations completely!,amazing brilliant product exceeded expectation completely,1
Awful. Got defective item. Refund process was also complicated.,awful got defective item refund process also complicated,0
Great! Works perfect and looks amazing. Very satisfied!,great work perfect look amazing satisfied,1
Rubbish. Total waste of money. Very poor quality.,rubbish total waste money poor quality,0
Perfect fit and finish. Love the color and design. Top quality!,perfect fit finish love color design top quality,1
Not satisfied. Quality issues and poor customer support.,satisfied quality issue poor customer support,0
Outstanding quality! Highly recommended for everyone!,outstanding quality highly recommended everyone,1
Disappointing and poor quality. Not worth the money at all.,disappointing poor quality worth money,0
Fantastic product! Great value for money. Will order again!,fantastic product great value money order,1
Terrible! Broken on arrival. Customer service non-responsive.,terrible broken arrival customer service nonresponsive,0
Excellent value! Very happy with the quality and performance!,excellent value happy quality performance,1
Useless product. Complete disaster. Should not have bought.,useless product complete disaster bought,0
Highly satisfied! Best purchase decision ever made!,highly satisfied best purchase decision ever made,1
Poor quality and bad service. Very unhappy with entire experience.,poor quality bad service unhappy entire experience,0
Amazing product! Super happy! Highly recommend to everyone!,amazing product super happy highly recommend everyone,1
Broken product. Terrible quality. Complete waste of hard-earned money!,broken product terrible quality complete waste hardearned money,0
Perfect! Excellent item. Worth buying. Will recommend to friends!,perfect excellent item worth buying recommend friend,1
Very bad. Quality is poor. Refund requested immediately.,bad quality poor refund requested immediately,0
Best item! Superb quality and amazing service received!,best item superb quality amazing service received,1
Worst purchase ever. Quality is rubbish. Very disappointed.,worst purchase ever quality rubbish disappointed,0
Great investment! Works wonderfully. Very happy customer!,great investment work wonderfully happy customer,1
Terrible quality. Many issues. Don't recommend to anyone.,terrible quality many issue dont recommend anyone,0
Fantastic! Exactly what I wanted. Five-star product!,fantastic exactly wanted fivestar product,1
Horrible. Defective. Worst customer experience ever.,horrible defective worst customer experience ever,0
Perfect purchase! Love it! Highly satisfied with quality!,perfect purchase love highly satisfied quality,1
Awful quality. Poor design. Complete waste of money.,awful quality poor design complete waste money,0
Excellent product! Highly professional and impressive!,excellent product highly professional impressive,1
Bad investment. Quality not worth the price paid.,bad investment quality worth price paid,0
Superb! Fantastic! Best quality product! Highly recommended!,superb fantastic best quality product highly recommended,1
Terrible. Disappointing quality. Cannot recommend.,terrible disappointing quality cannot recommend,0
Outstanding! Exceptional quality! Very happy customer!,outstanding exceptional quality happy customer,1
Poor quality and slow service. Very unsatisfied.,poor quality slow service unsatisfied,0
Amazing value! Best purchase! Sincere recommendation!,amazing value best purchase sincere recommendation,1
Rubbish! Broken immediately! Totally useless!,rubbish broken immediately totally useless,0
Wonderful! Excellent quality and reliable service!,wonderful excellent quality reliable service,1
Disappointing! Quality issues and bad service!,disappointing quality issue bad service,0
Perfect! Best product ever! Highly impressed!,perfect best product ever highly impressed,1
Awful! Broken! Worst experience ever!,awful broken worst experience ever,0
Excellent! Love it! Best purchase decision!,excellent love best purchase decision,1
Terrible! Poor quality! Very unhappy!,terrible poor quality unhappy,0
Great! Very satisfied! Highly recommend!,great satisfied highly recommend,1
Bad! Defective! Refund requested!,bad defective refund requested,0
Fantastic! Amazing quality! Very happy!,fantastic amazing quality happy,1
Horrible! Waste of money! Avoid it!,horrible waste money avoid,0
Perfect! Just what I needed! Love it!,perfect needed love,1
Poor! Quality issues! Not satisfied!,poor quality issue satisfied,0
Outstanding! Best value! Highly impressed!,outstanding best value highly impressed,1
Useless! Doesn't work! Total disaster!,useless doesnt work total disaster,0
Superb! Excellent! Highly recommended!,superb excellent highly recommended,1
Bad quality! Disappointed! Won't buy again!,bad quality disappointed wont buy,0
Great product! Very satisfied! Five stars!,great product satisfied five star,1
Terrible quality! Complete waste! Avoid!,terrible quality complete waste avoid,0
Perfect! Excellent! Best purchase!,perfect excellent best purchase,1
Awful! Broken! Worst product ever!,awful broken worst product ever,0
Excellent! Love this! Highly satisfied!,excellent love highly satisfied,1
Poor! Quality issues! Disappointed!,poor quality issue disappointed,0
Amazing! Best! Highly recommended!,amazing best highly recommended,1
Rubbish! Avoid! Waste of money!,rubbish avoid waste money,0
Wonderful! Perfect! Very impressive!,wonderful perfect impressive,1
Disappointing! Bad quality! Not satisfied!,disappointing bad quality satisfied,0
Great! Love it! Will buy again!,great love buy,1
Terrible! Broken! Very upset!,terrible broken upset,0
Perfect! Excellent! Highly satisfied!,perfect excellent highly satisfied,1
Awful! Useless! Don't recommend!,awful useless dont recommend,0
Outstanding! Best quality! Impressed!,outstanding best quality impressed,1
Bad experience! Poor quality! Regret!,bad experience poor quality regret,0
